{
    "rmse": 9601.280029246518,
    "mae": 7525.580144339674,
    "r2": 0.4062136462294198
}